{
  "cacheBootResources": true,
  "config": [
    "appsettings.Development.json",
    "appsettings.Docker.json",
    "appsettings.json"
  ],
  "debugBuild": false,
  "entryAssembly": "BlazorAdmin",
  "icuDataMode": 0,
  "linkerEnabled": true,
  "resources": {
    "assembly": {
      "BlazorAdmin.dll": "sha256-Pd4ho89LmDIA48I8baqgiyDvUsMlXGo5+fo2ajDRQp4=",
      "Blazored.LocalStorage.dll": "sha256-6RRoYeDP3d0xabXmcCMF66wXeJlXVPem28Trs8sQiis=",
      "BlazorInputFile.dll": "sha256-C0KrMmLQQE68cd1+FNwIOW89nNGbOH48hRxQAoSBaaA=",
      "BlazorShared.dll": "sha256-9gb6ZBeYFR+rMox4pppg9CLUJ3OrQsVYVD6B25o3vo8=",
      "FluentValidation.dll": "sha256-rsi80Nc1+s5jqA5EvgXSj3IWrrT4FLc0UJfJf9iXXQU=",
      "Microsoft.AspNetCore.Authorization.dll": "sha256-a7WFbGObhjiPpLHE4NRWNeQKmX286NADfVBlkcxhTgc=",
      "Microsoft.AspNetCore.Components.Authorization.dll": "sha256-1PlkBrEe8rmKOZzRgGajcqJHn4yYEayRbHJonUJfMog=",
      "Microsoft.AspNetCore.Components.dll": "sha256-k7U2Wh785BbSi94y7LrxOd1ClRZHi5fbX2mSzM0fYkg=",
      "Microsoft.AspNetCore.Components.Forms.dll": "sha256-jsRT7raOdIiCar4+ysOXmOgHKYtA0udMnO6qVTAx+bU=",
      "Microsoft.AspNetCore.Components.Web.dll": "sha256-6a+MOFY4uvx7hkZNqIOwbJOQu1aEJeeGiQyC9KP49jY=",
      "Microsoft.AspNetCore.Components.WebAssembly.Authentication.dll": "sha256-NFBuW4V+s03HSEGJq73pyAVUHvRYs2V876l\/XxcBM9w=",
      "Microsoft.AspNetCore.Components.WebAssembly.dll": "sha256-VEtrdaeDZx9fIVk1UEL6DcfleyTUfrrWmEscArxdIGA=",
      "Microsoft.AspNetCore.Cryptography.Internal.dll": "sha256-2+lVyZcfKK7A+gLxnQdONZV\/vBLE\/dgJF6x5CeaRv5A=",
      "Microsoft.AspNetCore.Cryptography.KeyDerivation.dll": "sha256-a69cXJ+xOM0m+cEwgrb9CChVKXXrewAITjmNwWxX9lU=",
      "Microsoft.AspNetCore.Metadata.dll": "sha256-nMJPkMzfJmwb\/pCQnnZZCple+kEZxcHgGSk3ekG+RJU=",
      "Microsoft.Extensions.Configuration.Abstractions.dll": "sha256-DMvuSXgvlmRhT5hVeWFvExkuA70qX15my+vsUNw8\/8o=",
      "Microsoft.Extensions.Configuration.Binder.dll": "sha256-MXpQbh3+LuvzDxLLwjIZiIZgwRvlO6kgQXKLSsSFi6k=",
      "Microsoft.Extensions.Configuration.dll": "sha256-axtaGroRzsWbIx6KYG7LxUlmUWlmXQ6+lgRE20BhfJs=",
      "Microsoft.Extensions.Configuration.Json.dll": "sha256-fF3xaP+hT6R3GYUctLIY1ixaXQ8mrHzwWHHf2dKfueU=",
      "Microsoft.Extensions.DependencyInjection.Abstractions.dll": "sha256-n0YwfqQeOY2nQG6IWwxBOM5jw9SA2BGLRCzVRXvQ\/tc=",
      "Microsoft.Extensions.DependencyInjection.dll": "sha256-gO4lKLg3HYGVeknndsz8D4LF3DQ4yjRJhdQQ4lE2Kp0=",
      "Microsoft.Extensions.Identity.Core.dll": "sha256-pDX6xNGibDNyFVcLsbvDadOC357a4vDzHp7UM6XD4xs=",
      "Microsoft.Extensions.Logging.Abstractions.dll": "sha256-xcHd7fuPb00qlrWU3K0mBR38c817snATBq9TTWtiO1Y=",
      "Microsoft.Extensions.Logging.Configuration.dll": "sha256-0vQv3wNYB8+ompg5QQLXAYxG47xluXD6V\/hRsrI0OM8=",
      "Microsoft.Extensions.Logging.dll": "sha256-Bg42o4kOFlZBP+pRzXWV5DOHjXhoSlDC1htH\/YBjngw=",
      "Microsoft.Extensions.Options.ConfigurationExtensions.dll": "sha256-y7pz63q2prLvcwzgSS4ErarCuAn5q18NbPnCNwJjKMw=",
      "Microsoft.Extensions.Options.dll": "sha256-1tB1TdOK1QaMSk7+PPe5sikuuMC9hs8bkujWqFMdAx4=",
      "Microsoft.Extensions.Primitives.dll": "sha256-YColTWA58whC+8aBjv1O7HgsyYrbHTba601EkNDWAlo=",
      "Microsoft.JSInterop.dll": "sha256-Uxpproqe+OibvSenJmqOZacGu23CYQA+3Fwra56kJ3Q=",
      "Microsoft.JSInterop.WebAssembly.dll": "sha256-JnYE3PacT+0TrHdA2lIvLkQwSgtLQlRYc+tzxGVgpOM=",
      "netstandard.dll": "sha256-JQ5XJjM8gzNdE5p2AtkHiiZ\/ESTxu6HNPTsg+prD5gI=",
      "System.Collections.Concurrent.dll": "sha256-sKISYtAjyu5cmDKYIegJSQQ8w+65xoVZaC504SCr+Qs=",
      "System.Collections.dll": "sha256-a3v+JTbf0GtxnOSY24Re5PzQ\/zDF49iUyr+ipk6q3s4=",
      "System.Collections.NonGeneric.dll": "sha256-SJ3a72e55O0VymwiXeiXczFRps0FygTaHiZGa5HDvhU=",
      "System.Collections.Specialized.dll": "sha256-JsKuMKcV5JxqoTYBCV0TH984THbJZkhjm5XRk4qgnnI=",
      "System.ComponentModel.Annotations.dll": "sha256-JN53OVEAH6ZuqhdMPhB1v\/IDJAakKYZDtH+WU9XiYpk=",
      "System.ComponentModel.dll": "sha256-Qssp+YWlAZw03rhXDz8auxAqI87BtJ00YYYkOj9jbSw=",
      "System.ComponentModel.Primitives.dll": "sha256-J6P\/7sFQNJJDSqZ4CNye3h0iCkjxIecHaUUGop+b+Fs=",
      "System.ComponentModel.TypeConverter.dll": "sha256-0LxXEI14A\/Kw7wME6KPWEaWHEFCsLH5l8w6EDWrYpI8=",
      "System.dll": "sha256-BNWEPToYca0k2Y0PYNhWWJz+D2hRVoqA4pqCB6I0mxE=",
      "System.Linq.dll": "sha256-eCLGbLOoj7CRi+AHkAMowAgSJt19Pv8aCldokXugdP8=",
      "System.Linq.Expressions.dll": "sha256-oaqfmj1uoJDmiRs8QilNQYAnPL+\/frs\/PhPRefZorpg=",
      "System.Memory.dll": "sha256-+DE9tb5lcllQuAuiG5FfXKjlTN46lsKGDqxMlBOGxDM=",
      "System.Net.Http.dll": "sha256-v0Hkq+6wopZjIuVm0Zp1cs8E8rD5e4EQpV3XacGZ5YA=",
      "System.Net.Http.Json.dll": "sha256-\/HKg18ikPTcqfpJF7iddew424uR8NGEEVei2apXr8Es=",
      "System.Net.Primitives.dll": "sha256-xK99nJSIohHR3Aagh5caywhogLvb9Pw5CeO75hCZW28=",
      "System.ObjectModel.dll": "sha256-ZDBM2ygucQ9KkX8zgZro32awE5mFR6iJzYvqPh+bu6s=",
      "System.Private.CoreLib.dll": "sha256-iy3mXIfqsGSAJY7yHpIUddv2VplsignNwtVbYeZeRKo=",
      "System.Private.Runtime.InteropServices.JavaScript.dll": "sha256-0QEOz95DHDMc3JvrfADAVDo39QnH6hO94NP9LF\/mvJY=",
      "System.Private.Uri.dll": "sha256-7B4JnLf9bVicxzX6JDUicGkiXwb0CaNM5C1zdAPB2w0=",
      "System.Runtime.CompilerServices.Unsafe.dll": "sha256-5IU6GUX8qOctLAYHuQ7clOc3ohNJ6aky7koryZ5i6W8=",
      "System.Runtime.dll": "sha256-L\/s5o0089Ru8gDSsO6h8wmzhLoNGMqQaSNAmGbW7hIE=",
      "System.Runtime.InteropServices.dll": "sha256-SSJrve5xUQvsJ+KubMr4oUdjekWOFRSGxvcekQQ7l8I=",
      "System.Security.Claims.dll": "sha256-3EczIBCr7sKPLeF4iCGV88+KeEqe+EZ9TGkYtZ9e\/QM=",
      "System.Security.Cryptography.Algorithms.dll": "sha256-hcWbc2pwb8ijel615oZycR6pHq7E6477Cr12nXCT464=",
      "System.Security.Cryptography.Primitives.dll": "sha256-6Dt0Vpm5VUpZyVV\/qgnVjcLgB\/P\/TqxKIENdVFDLuwQ=",
      "System.Text.Encoding.Extensions.dll": "sha256-ZsT0q55x8RboY\/0ryJXwV1DNkpBbSjIXjxZSSdpRenQ=",
      "System.Text.Encodings.Web.dll": "sha256-hs\/1MGaOn5yuY2CFNcNLQTgIsa8iiwgwCUwWiYnhRsM=",
      "System.Text.Json.dll": "sha256-ZXv603SgbwXtuCH2DciA9YhNclByWw7ljMeAr+uZRGw=",
      "System.Text.RegularExpressions.dll": "sha256-CJS9khYPPEmjcgIL2g4DPWbjhzS5e4iIi3iUTYlMOrA=",
      "System.Threading.dll": "sha256-zBkAaHCEbUTBiRRA1OUs96Am7FpGAvQGgwlcKYYnxB4="
    },
    "extensions": null,
    "lazyAssembly": null,
    "libraryInitializers": null,
    "pdb": null,
    "runtime": {
      "dotnet.6.0.10.o1b1h0va5w.js": "sha256-KtM3Wrooexmrt5NmqvZfWoDPtNIe6wZqLopR6ToqUPg=",
      "dotnet.timezones.blat": "sha256-MAD3ryDxIcf60DIJlI9AVB+F2QC4oWJU0p02C7K2LpU=",
      "dotnet.wasm": "sha256-rbp\/Kz57XpMKaVoap0YLS3sN1D7cPKdTFCpoCR2YrFg=",
      "icudt_CJK.dat": "sha256-WPyI4hWDPnOw62Nr27FkzGjdbucZnQD+Ph+GOPhAedw=",
      "icudt_EFIGS.dat": "sha256-4RwaPx87Z4dvn77ie\/ro3\/QzyS+\/gGmO3Y\/0CSAXw4k=",
      "icudt_no_CJK.dat": "sha256-OxylFgLJlFqixsj+nLxYVsv5iZLvfIKMpLf9hrWaChA=",
      "icudt.dat": "sha256-Zuq0dWAsBm6\/2lSOsz7+H9PvFaRn61KIXHMMwXDfvyE="
    },
    "satelliteResources": null
  }
}